model,MPA-H,MPA-V,MPA-U,RP-muscle,RP-pc3,RP-293T
3R,,,,0.4397231161585958,0.4564220489350763,0.363506308027195
sM3R,0.621623,,,0.4876337136187925,0.4779208813378158,0.3800935790672066
M3R,0.726926676779093,,,0.4287528896921853,0.4427985653397472,0.3776794282385221
2M3R,0.7981066380888554,0.807450651491559,,0.5089432907118555,0.4991306900579733,0.378695850708307
3M3R,0.7531461222243494,0.8195011066571956,0.8825982904729948,0.4040706364349239,0.4705866749840428,0.3962020188971791
3M2R,0.7787280073824107,0.8298026795752643,0.8924563590116762,,0.4679712892323329,0.3798200186396336
3MR,0.7974807031952653,0.844938283926526,0.9066375554336242,,,0.3169143646380549
3M,0.8339188236555583,0.871195184235946,0.9420208750519716,,,
